/	/home/openclaw/projects/graphrag-eval/docs/_benchmark_qed_html/index.html
cli/autoe/	/home/openclaw/projects/graphrag-eval/docs/_benchmark_qed_html/cli/autoe/index.html
cli/autoq/	/home/openclaw/projects/graphrag-eval/docs/_benchmark_qed_html/cli/autoq/index.html
cli/config_init/	/home/openclaw/projects/graphrag-eval/docs/_benchmark_qed_html/cli/config_init/index.html
cli/data/	/home/openclaw/projects/graphrag-eval/docs/_benchmark_qed_html/cli/data/index.html
cli/llm_config/	/home/openclaw/projects/graphrag-eval/docs/_benchmark_qed_html/cli/llm_config/index.html
cli/retrieval_scores/	/home/openclaw/projects/graphrag-eval/docs/_benchmark_qed_html/cli/retrieval_scores/index.html
datasets/	/home/openclaw/projects/graphrag-eval/docs/_benchmark_qed_html/datasets/index.html
developing/	/home/openclaw/projects/graphrag-eval/docs/_benchmark_qed_html/developing/index.html
notebooks/assertion_gen/	/home/openclaw/projects/graphrag-eval/docs/_benchmark_qed_html/notebooks/assertion_gen/index.html
notebooks/autod/	/home/openclaw/projects/graphrag-eval/docs/_benchmark_qed_html/notebooks/autod/index.html
notebooks/autoe/	/home/openclaw/projects/graphrag-eval/docs/_benchmark_qed_html/notebooks/autoe/index.html
notebooks/autoq/	/home/openclaw/projects/graphrag-eval/docs/_benchmark_qed_html/notebooks/autoq/index.html
notebooks/retrieval_metrics/	/home/openclaw/projects/graphrag-eval/docs/_benchmark_qed_html/notebooks/retrieval_metrics/index.html
